id,vendorName,vendorAddress,vendorCity,vendorState,vendorZip,vendorPhone,vendorEmail,vendorContact,internalVendorId,taxable
11,3A Composites,,,,,,,,,
12,3M Composites,,,,,,,,,
13,AAA Forklift,,,,,,,,,
14,ABC Supply Co.,,,,,,,,,
15,AGC IInterpane,,,,,,,,,
16,AMWP,,,,,,,,,
17,ARC,,,,,,,,,
18,ASAP,,,,,,,,,
19,ASAP ,,,,,,,,,
20,ASI,,,,,,,,,
21,ASI - Fundermax,,,,,,,,,
22,AWMP,,,,,,,,,
23,AWS,,,,,,,,,
24,Access,,,,,,,,,
25,Access Hardware,,,,,,,,,
26,Access Hardware ,,,,,,,,,
27,Access hardware,,,,,,,,,
28,Access hardware ,,,,,,,,,
29,Action Bullet Resistant,,,,,,,,,
30,Acurlite Structural Skylights,,,,,,,,,
31,Advanced Metal,,,,,,,,,
32,Air Gas ,,,,,,,,,
33,Air Gas Hayward ,,,,,,,,,
34,Air Gas San leandro ,,,,,,,,,
35,Air gas San leandro ,,,,,,,,,
36,Airgas,,,,,,,,,
37,Airolite,,,,,,,,,
38,Airolite (Row Fenestration),,,,,,,,,
39,Alco Supply,,,,,,,,,
40,Allied Technical Solutions (Trespa),,,,,,,,,
41,Alpolic ,,,,,,,,,
42,AluFlam,,,,,,,,,
43,American Insulation and Welding,,,,,,,,,
44,American welding Products ,,,,,,,,,
45,Ameriform,,,,,,,,,
46,Arc Printing,,,,,,,,,
47,Arcadia,,,,,,,,,
48,Architectural Building Products,,,,,,,,,
49,Architectural Wall Systems,,,,,,,,,
50,Arconic Reynobond,,,,,,,,,
51,Ascent,,,,,,,,,
52,Assa Abloy,,,,,,,,,
53,Assco. Labs,,,,,,,,,
54,Asscociated Labs,,,,,,,,,
55,Associated Laboratories,,,,,,,,,
56,"Associated Laboratories, Inc.",,,,,,,,,
57,Associated Labs,,,,,,,,,
58,Atlas Supply,,,,,,,,,
59,Atlas Supply ,,,,,,,,,
60,Automated Door Systems,,,,,,,,,
61,Automated Services & Products,,,,,,,,,
62,Automated Services And Products,,,,,,,,,
63,Automatic Door Systems,,,,,,,,,
64,B H J ,,,,,,,,,
65,B h J ,,,,,,,,,
66,B.A.T.S.,,,,,,,,,
67,BATS,,,,,,,,,
68,BAYAIRGAS,,,,,,,,,
69,BAYFAB Metals,,,,,,,,,
70,BHJ,,,,,,,,,
71,BHJ ,,,,,,,,,
72,BHJ Bay City,,,,,,,,,
73,BIGGE CRANE AND RIGGING CO,,,,,,,,,
74,BOK Modern,,,,,,,,,
75,BRON tape ,,,,,,,,,
76,Baker Metal,,,,,,,,,
77,Bay City,,,,,,,,,
78,Bay City  Screw&Bolt - BHJ,,,,,,,,,
79,Bay City Screw and Bolt,,,,,,,,,
80,BayFab,,,,,,,,,
81,Bayfab,,,,,,,,,
82,Bayfab Metals,,,,,,,,,
83,Beacon,,,,,,,,,
84,Beacon ,,,,,,,,,
85,Beacon San leandro ,,,,,,,,,
86,Beacon Supply ,,,,,,,,,
87,Beacon hayward ,,,,,,,,,
88,Becon ,,,,,,,,,
89,Bendheim,,,,,,,,,
90,Biggie,,,,,,,,,
91,Biggie Crane & Rigging,,,,,,,,,
92,Blackwood,,,,,,,,,
93,Bloom,,,,,,,,,
94,Botner,,,,,,,,,
95,Botner MFG.,,,,,,,,,
96,Bron Tape,,,,,,,,,
97,Bron Tape ,,,,,,,,,
98,Byington Steel,,,,,,,,,
99,C R L ,,,,,,,,,
100,C R Larwance ,,,,,,,,,
101,CRL,,,,,,,,,
102,CRL ,,,,,,,,,
103,CS Group,,,,,,,,,
104,Cal Neva,,,,,,,,,
105,Cal-Neva,,,,,,,,,
106,California Waterproofing Supply,,,,,,,,,
107,Cellotape,,,,,,,,,
108,Certified,,,,,,,,,
109,Certified Enameling,,,,,,,,,
110,Coast,,,,,,,,,
111,Coast ,,,,,,,,,
112,Coast Alum ,,,,,,,,,
113,Coast Alum.,,,,,,,,,
114,Coast Aluminum,,,,,,,,,
115,Coast Aluminum ,,,,,,,,,
116,Coast Alumiun ,,,,,,,,,
117,Coast Alumn,,,,,,,,,
118,Coastal Aluminum,,,,,,,,,
119,Coastline,,,,,,,,,
120,Coastline Steel,,,,,,,,,
121,Coastline Steel Corp.,,,,,,,,,
122,Colonial Saw,,,,,,,,,
123,Colonial Saw ,,,,,,,,,
124,Contrasol Ltd.,,,,,,,,,
125,Cordstrap,,,,,,,,,
126,Cordstrap USA,,,,,,,,,
127,D M  Figky ,,,,,,,,,
128,D M FRigly ,,,,,,,,,
129,D M Figky ,,,,,,,,,
130,D M Figley,,,,,,,,,
131,D M Figly,,,,,,,,,
132,D M Figly ,,,,,,,,,
133,D M figly ,,,,,,,,,
134,D&L Transport,,,,,,,,,
135,D.M Figley,,,,,,,,,
136,D.M. Figley,,,,,,,,,
137,DM Fig,,,,,,,,,
138,DM Figley,,,,,,,,,
139,DM Figley ,,,,,,,,,
140,DM Figly ,,,,,,,,,
141,DM figly,,,,,,,,,
142,DMF,,,,,,,,,
143,Dolans of Concord,,,,,,,,,
144,Doors & Windows West,,,,,,,,,
145,Dura Industries,,,,,,,,,
146,Durain Industries,,,,,,,,,
147,EFCO,,,,,,,,,
148,ELWARD- Skybridge Tower,,,,,,,,,
149,ELward,,,,,,,,,
150,Eastern Metal Supply (EMS),,,,,,,,,
151,Elumatec ,,,,,,,,,
152,FHC,,,,,,,,,
153,FHC USA,,,,,,,,,
154,Fast Signes,,,,,,,,,
155,Fastenal,,,,,,,,,
156,Figley,,,,,,,,,
157,FireWise Consultants,,,,,,,,,
158,Fleetwood,,,,,,,,,
159,Four C's Construction,,,,,,,,,
160,Frame it for Less,,,,,,,,,
161,G&G Risk Management Consultants,,,,,,,,,
162,GEN METAL,,,,,,,,,
163,GENMetal,,,,,,,,,
164,GGG,,,,,,,,,
165,GGI Glass ,,,,,,,,,
166,Garibaldi Glass,,,,,,,,,
167,Gen Metal,,,,,,,,,
168,GenMetal,,,,,,,,,
169,Genarl Meatls ,,,,,,,,,
170,General Meatls ,,,,,,,,,
171,General Metal,,,,,,,,,
172,General Metal Fab,,,,,,,,,
173,General Metals,,,,,,,,,
174,General Metals ,,,,,,,,,
175,General metals ,,,,,,,,,
176,Glass Fab,,,,,,,,,
177,GlassFab,,,,,,,,,
178,Glassfab,,,,,,,,,
179,Glasswerks,,,,,,,,,
180,Golden Gate Glass,,,,,,,,,
181,Gordon Aluminum,,,,,,,,,
182,Grainger,,,,,,,,,
183,Greenlite,,,,,,,,,
184,Griggs System,,,,,,,,,
185,Griggs Systems,,,,,,,,,
186,HG Adhesive Dispensing,,,,,,,,,
187,Halfen (Leviat),,,,,,,,,
188,Hanson Rivet ,,,,,,,,,
189,Hanson Rivet & Supply,,,,,,,,,
190,Harrson & Bonini,,,,,,,,,
191,Hilti,,,,,,,,,
192,Hilty,,,,,,,,,
193,Hilty ,,,,,,,,,
194,Hulty,,,,,,,,,
195,Hydro,,,,,,,,,
196,Insulgard Security Products,,,,,,,,,
197,Intertek,,,,,,,,,
198,J D Edoes ,,,,,,,,,
199,J Stone Promations ,,,,,,,,,
200,J-Stone ent.,,,,,,,,,
201,J. Dedoes Inc.,,,,,,,,,
202,JBI,,,,,,,,,
203,JDedoes,,,,,,,,,
204,JR Butler,,,,,,,,,
205,Jordahl,,,,,,,,,
206,Katia Griggs,,,,,,,,,
207,Kawneer,,,,,,,,,
208,Kawneer ,,,,,,,,,
209,Kinetics Resource,,,,,,,,,
210,Knight Wall,,,,,,,,,
211,Knightwall,,,,,,,,,
212,Koch Inc.,,,,,,,,,
213,Koch's ,,,,,,,,,
214,Kocthe ,,,,,,,,,
215,LaVoy,,,,,,,,,
216,LaVoy Arch,,,,,,,,,
217,LaVoy Architectural,,,,,,,,,
218,LaVoy Architectural ,,,,,,,,,
219,Landmark Label,,,,,,,,,
220,Landmark Labels,,,,,,,,,
221,Lavoy,,,,,,,,,
222,Lavoy ,,,,,,,,,
223,Leviat,,,,,,,,,
224,Leviat (Halfen),,,,,,,,,
225,Linetec,,,,,,,,,
226,Lowerys ,,,,,,,,,
227,Lowerys/Beacon ,,,,,,,,,
228,Lowry's,,,,,,,,,
229,Lowry's Inc,,,,,,,,,
230,Martin Metals,,,,,,,,,
231,Martins Metal,,,,,,,,,
232,McGrory Glass,,,,,,,,,
233,McMaster Carr,,,,,,,,,
234,Mid West Fastners,,,,,,,,,
235,Midwest Fasteners,,,,,,,,,
236,Midwest Fasteners ,,,,,,,,,
237,Miller Clapperton,,,,,,,,,
238,Morin,,,,,,,,,
239,Morin Paint,,,,,,,,,
240,Mull it Over,,,,,,,,,
241,Mull-it-Over,,,,,,,,,
242,NBK,,,,,,,,,
243,NWI,,,,,,,,,
244,Nanawall,,,,,,,,,
245,Nanochem Technologies,,,,,,,,,
246,Naylor,,,,,,,,,
247,Naylor Steel,,,,,,,,,
248,Naylor Steel ,,,,,,,,,
249,Nelson Stud Welder ,,,,,,,,,
250,Nelson Stud Welding,,,,,,,,,
251,Nelson Stud Welding ,,,,,,,,,
252,Nelson stud welding ,,,,,,,,,
253,OBE,,,,,,,,,
254,OBE - Peggy,,,,,,,,,
255,OBE- LA,,,,,,,,,
256,OBE-LA,,,,,,,,,
257,Oldcastle,,,,,,,,,
258,Oldcastle ,,,,,,,,,
259,Oldcastle Building Envelope,,,,,,,,,
260,Oldcastle Glass,,,,,,,,,
261,Olmar Supply,,,,,,,,,
262,Oneto,,,,,,,,,
263,Owens,,,,,,,,,
264,Owens Corning,,,,,,,,,
265,Owenscorning,,,,,,,,,
266,PCI,,,,,,,,,
267,PCS,,,,,,,,,
268,PDM Steel,,,,,,,,,
269,PK DELP,,,,,,,,,
270,PKDELP Structural Engineering,,,,,,,,,
271,POHL,,,,,,,,,
272,Panda Doors,,,,,,,,,
273,Paradigm Structural Engineers,,,,,,,,,
274,Paradise,,,,,,,,,
275,Paradise Door & Service,,,,,,,,,
276,Paradise Doors,,,,,,,,,
277,Paramount Extrusions,,,,,,,,,
278,Penhall COmpany,,,,,,,,,
279,Pohl,,,,,,,,,
280,Priority Roofing Solutions,,,,,,,,,
281,Prodema Parklex,,,,,,,,,
282,Prodema USA,,,,,,,,,
283,Pulp Studio,,,,,,,,,
284,Pulp Studios,,,,,,,,,
285,QC Facades,,,,,,,,,
286,QickServ,,,,,,,,,
287,Qualified Hardware,,,,,,,,,
288,RIEDER,,,,,,,,,
289,Raco Interiors,,,,,,,,,
290,Raise ,,,,,,,,,
291,Raise Engineering,,,,,,,,,
292,Reveal Windows & Doors,,,,,,,,,
293,Rieder North America,,,,,,,,,
294,Ryerson,,,,,,,,,
295,S L Air Gas ,,,,,,,,,
296,S L air gas ,,,,,,,,,
297,SAF,,,,,,,,,
298,SAF West,,,,,,,,,
299,SL Air Gas ,,,,,,,,,
300,Sadev,,,,,,,,,
301,Sadev USA,,,,,,,,,
302,Safelite ,,,,,,,,,
303,San leandro Air Gas ,,,,,,,,,
304,Service  Partners ,,,,,,,,,
305,Service Partners,,,,,,,,,
306,Service Partners ,,,,,,,,,
307,Service Partners Supply,,,,,,,,,
308,Service partners ,,,,,,,,,
309,Shape,,,,,,,,,
310,Shape Architectural,,,,,,,,,
311,Skyline Design ,,,,,,,,,
312,Skyline design ,,,,,,,,,
313,Smalley & Company,,,,,,,,,
314,Smalley And Company ,,,,,,,,,
315,Smalley and Company ,,,,,,,,,
316,Smiley Lift Solutions,,,,,,,,,
317,Smith-Emery Laboratories,,,,,,,,,
318,Stanley,,,,,,,,,
319,Stanley Access Technology,,,,,,,,,
320,Steve Heck,,,,,,,,,
321,Stuart Dean,,,,,,,,,
322,Stud Welding Products,,,,,,,,,
323,Stud welding products ,,,,,,,,,
324,TAP,,,,,,,,,
325,TAP Plastics,,,,,,,,,
326,TGP,,,,,,,,,
327,TGP - Technical Glass Products,,,,,,,,,
328,Tap Plastic INC.,,,,,,,,,
329,The TintWorks,,,,,,,,,
330,The Tintworks,,,,,,,,,
331,Thermafiber,,,,,,,,,
332,Thermfaiber,,,,,,,,,
333,Tintworks,,,,,,,,,
334,Tnemec,,,,,,,,,
335,Tnemec ,,,,,,,,,
336,Top Gun Finishing,,,,,,,,,
337,Tournesol Siteworks,,,,,,,,,
338,Trademark Hardware,,,,,,,,,
339,Tremco,,,,,,,,,
340,Tri Valley Tire ,,,,,,,,,
341,Troyer,,,,,,,,,
342,Troyer's Door Control,,,,,,,,,
343,Tru-Form,,,,,,,,,
344,U-Line,,,,,,,,,
345,USA Scaffold,,,,,,,,,
346,USA Scaffold Co.,,,,,,,,,
347,USA Scaffold Company,,,,,,,,,
348,USA Scaffold Company ,,,,,,,,,
349,Uline,,,,,,,,,
350,Uneac Fasteners,,,,,,,,,
351,Unicel,,,,,,,,,
352,Unicel Architectural,,,,,,,,,
353,Unite Rentals ,,,,,,,,,
354,United Rentals ,,,,,,,,,
355,VELUX,,,,,,,,,
356,VOID,,,,,,,,,
357,Valley Gas,,,,,,,,,
358,Velux,,,,,,,,,
359,Vetrotech,,,,,,,,,
360,Viracon,,,,,,,,,
361,Viracon ,,,,,,,,,
362,Vircom ,,,,,,,,,
363,Viva Railings,,,,,,,,,
364,WAUSAU,,,,,,,,,
365,WHITE CAP,,,,,,,,,
366,WIKK,,,,,,,,,
367,Wausau,,,,,,,,,
368,Wausau Windows,,,,,,,,,
369,West Coast wire rope ,,,,,,,,,
370,Western Forrest Products (WFP),,,,,,,,,
371,White Cap,,,,,,,,,
372,White Cap ,,,,,,,,,
373,White Cap (Hayward),,,,,,,,,
374,White cap,,,,,,,,,
375,White cap ,,,,,,,,,
376,WhiteCap,,,,,,,,,
377,Whitecap,,,,,,,,,
378,Wikk,,,,,,,,,
379,Wikk Industries,,,,,,,,,
380,Wikk Industries Inc.,,,,,,,,,
381,Wiliis,,,,,,,,,
382,Williams Foam ,,,,,,,,,
383,Wilson Partitions,,,,,,,,,
384,Window Tech,,,,,,,,,
385,WindowTech Inc.,,,,,,,,,
386,Wood Prow-Grip,,,,,,,,,
387,Wood's power grip ,,,,,,,,,
388,Woods Power-grip,,,,,,,,,
389,Woods Powr-Grip,,,,,,,,,
390,Woods pow-grp,,,,,,,,,
391,Woods powr-grp,,,,,,,,,
392,air gas ,,,,,,,,,
393,bhj,,,,,,,,,
394,bhj ,,,,,,,,,
395,bron tape ,,,,,,,,,
396,coast Aluminum,,,,,,,,,
397,cord strap ,,,,,,,,,
398,cordstrap ,,,,,,,,,
399,crl,,,,,,,,,
400,dm figly,,,,,,,,,
401,harrison & Bonini ,,,,,,,,,
402,hilty ,,,,,,,,,
403,knightwall,,,,,,,,,
404,midwest fastneers ,,,,,,,,,
405,red-D-Arc welding ,,,,,,,,,
406,sTUD WELDING PRODUCTS ,,,,,,,,,
407,service partners ,,,,,,,,,
408,stud welding products ,,,,,,,,,
409,united rentals ,,,,,,,,,
410,wHITE cAP ,,,,,,,,,
411,west coast wire rope ,,,,,,,,,
412,west cost wire rope,,,,,,,,,
413,white Cap ,,,,,,,,,
414,white cap,,,,,,,,,
415,white cap ,,,,,,,,,
416,whithe cap ,,,,,,,,,
417,woods powr-grip,,,,,,,,,
418,woods pro-grip,,,,,,,,,
